title,company,Apply_link
Social Graph Software Engineer,PREEM,https://remoteok.io/remote-jobs/101745-remote-social-graph-software-engineer-preem
Graphic Designer,SafetyWing,https://remoteok.io/remote-jobs/101310-remote-graphic-designer-safetywing
Video Reviewer,iPhone Photography School,https://remoteok.io/remote-jobs/99743-remote-video-reviewer-iphone-photography-school
Hiring Specialist,iPhone Photography School,https://remoteok.io/remote-jobs/99599-remote-hiring-specialist-iphone-photography-school
Photography Ambassadors,Contra,https://remoteok.io/remote-jobs/84651-remote-photography-ambassadors-contra
Web Graphic Designer,Infinite Web Designs,https://remoteok.io/remote-jobs/84442-remote-web-graphic-designer-part-time-infinite-web-designs
NodeJS Mongo GraphQL,Celestial,https://remoteok.io/remote-jobs/84247-remote-nodejs-mongo-graphql-celestial
Data Visualization Graphic Design,Charity Entrepreneurship,https://remoteok.io/remote-jobs/84054-remote-data-visualization-graphic-design-charity-entrepreneurship
Graphic Designer,ZB GROUP,https://remoteok.io/remote-jobs/71851-remote-graphic-designer-zb-group
Javascript Backend Developer,Happy Cog,https://remoteok.io/remote-jobs/71456-remote-javascript-node-js-typescript-graphql-with-apollo-backend-developer-happy-cog
SRE Europe,GrapheneDB ,https://remoteok.io/remote-jobs/70107-remote-sre-europe-graphenedb
Support Engineer,GrapheneDB,https://remoteok.io/remote-jobs/69141-remote-support-engineer-graphenedb
PHP Developer,"Acuity Scheduling, Inc.",https://remoteok.io/remote-jobs/68710-remote-php-developer-laravel-graphql-acuity-scheduling-inc-
Senior Data Scientist Graph Analytics,Doximity,https://remoteok.io/remote-jobs/68452-remote-senior-data-scientist-graph-analytics-doximity
Graphic Designer,Wieduwilt Kommunikation,https://remoteok.io/remote-jobs/68187-remote-graphic-designer-remote-wieduwilt-kommunikation
Senior Data Scientist Graph Analytics,Doximity,https://remoteok.io/remote-jobs/66280-remote-senior-data-scientist-graph-analytics-doximity
Graphic Design Copywriter,KatonDirect,https://remoteok.io/remote-jobs/63387-remote-graphic-design-copywriter-katondirect
Site Reliability Engineer,GrapheneDB,https://remoteok.io/remote-jobs/62193-remote-site-reliability-engineer-europe-graphenedb
Graphics Designer,Teramind,https://remoteok.io/remote-jobs/40223-remote-graphics-designer-teramind
Graphic Web Designer Contract,Social Scavenger,https://remoteok.io/remote-jobs/19610-remote-graphic-web-designer-contract-part-time-social-scavenger
Videographer,Remote Year,https://remoteok.io/remote-jobs/18317-remote-videographer-remote-year
Minimalist graphics designer,Hubbos,https://remoteok.io/remote-jobs/16260-remote-minimalist-graphics-designer-hubbos
Graphic Designer,Speakerhead,https://remoteok.io/remote-jobs/12086-remote-graphic-designer-speakerhead
Graphic Designer,The Media Outlet SPRL,https://remoteok.io/remote-jobs/11653-remote-graphic-designer-the-media-outlet-sprl
Graphics designer internship,Admitopia,https://remoteok.io/remote-jobs/11520-remote-graphics-designer-internship-admitopia
Back end developer Devops engineer,GrapheneDB,https://remoteok.io/remote-jobs/11501-remote-back-end-developer-devops-engineer-graphenedb
Web Graphic Designer,Gutscheinrausch,https://remoteok.io/remote-jobs/10434-remote-web-graphic-designer-gutscheinrausch
Full Stack Engineer That Loves Node TypeScript GraphQL Help Build Our Backend,Chalkboard Software Limited,https://remoteok.io/remote-jobs/100780-remote-full-stack-engineer-that-loves-node-typescript-graphql-help-build-our-backend-chalkboard-software-limited
Java Team Lead,GraphAware,https://remoteok.io/remote-jobs/100050-remote-java-team-lead-graphaware
Go Timescale GraphQL developer blockchain open source,Delphi Digital,https://remoteok.io/remote-jobs/99280-remote-go-timescale-graphql-developer-blockchain-open-source-delphi-digital
Senior JavaScript Developer With PHP GraphQL Experience,Scalable Path,https://remoteok.io/remote-jobs/98707-remote-senior-javascript-developer-with-php-graphql-experience-scalable-path
Mid Level Front end Responsive Developer,Graphic Language,https://remoteok.io/remote-jobs/98667-remote-mid-level-front-end-responsive-developer-graphic-language
.NET Backend Developer DevOps With A Bit Of SysAdmin,Graphicsland,https://remoteok.io/remote-jobs/98602-remote-net-backend-developer-devops-with-a-bit-of-sysadmin-graphicsland
Graphical Designer For EHealth Platform,MEDrecord,https://remoteok.io/remote-jobs/97770-remote-graphical-designer-for-ehealth-platform-medrecord
Senior React TypeScript GraphQL Developer,X-Team,https://remoteok.io/remote-jobs/97234-remote-senior-react-typescript-graphql-developer-x-team
Front end Responsive Developer,Graphic Language,https://remoteok.io/remote-jobs/97111-remote-front-end-responsive-developer-graphic-language
Full Stack Engineer Node.js React GraphQL Data Workflow Management,Virtual Pricing Director,https://remoteok.io/remote-jobs/87174-remote-full-stack-engineer-node-js-react-graphql-data-workflow-management-virtual-pricing-director
Graphic Designer,bitfish,https://remoteok.io/remote-jobs/76874-remote-graphic-designer-bitfish
Cyber Detection Cryptography Threat Engineers Managers,Salesforce,https://remoteok.io/remote-jobs/76712-remote-cyber-detection-cryptography-threat-engineers-managers-salesforce
GraphQL Developer,Clevertech,https://remoteok.io/remote-jobs/76396-remote-graphql-developer-clevertech
Senior Graphics Developer,Luna,https://remoteok.io/remote-jobs/75064-remote-senior-graphics-developer-luna
Senior Software Engineer Cryptography,1 other job Arxan Technologies,https://remoteok.io/remote-jobs/74885-remote-senior-software-engineer-cryptography-1-other-job-arxan-technologies
Lead Graphics Engineer,LiveSurface,https://remoteok.io/remote-jobs/74665-remote-lead-graphics-engineer-livesurface
Senior Cryptography Engineer,Fetch.AI,https://remoteok.io/remote-jobs/74472-remote-senior-cryptography-engineer-fetch-ai
Full Stack .NET Developer With A Preference For Server side Stack,Graphicsland,https://remoteok.io/remote-jobs/74235-remote-full-stack-net-developer-with-a-preference-for-server-side-stack-graphicsland
Geospatial Developer,Geographic Information Services,https://remoteok.io/remote-jobs/73115-remote-geospatial-developer-geographic-information-services
Unity 3D WebGL Graphics Developer,MapLarge,https://remoteok.io/remote-jobs/70671-remote-unity-3d-webgl-graphics-developer-maplarge
Angular 4 HTML CSS Javascript Meteor MongoDB GraphQL,Agenda List,https://remoteok.io/remote-jobs/70371-remote-angular-4-html-css-javascript-meteor-mongodb-graphql-agenda-list
Senior PHP Laravel Developer The Dream Work Environment,iPhone Photography School,https://remoteok.io/remote-jobs/69666-remote-senior-php-laravel-developer-the-dream-work-environment-iphone-photography-school
Senior Full Stack Javascript Engineer,Live Graphic Systems,https://remoteok.io/remote-jobs/69520-remote-senior-full-stack-javascript-engineer-live-graphic-systems
Senior Graphics Engineer,Imajion Co,https://remoteok.io/remote-jobs/68385-remote-senior-graphics-engineer-imajion-co
2d 3d Graphics Software Developer,MapLarge,https://remoteok.io/remote-jobs/68268-remote-2d-3d-graphics-software-developer-maplarge
Senior Software Engineer Who's Excited GraphQL React,Reaction Commerce,https://remoteok.io/remote-jobs/68162-remote-senior-software-engineer-whos-excited-graphql-react-reaction-commerce
Front End Developer,Graphicsland,https://remoteok.io/remote-jobs/65616-remote-front-end-developer-graphicsland
Principal Graphics,InVisionApp,https://remoteok.io/remote-jobs/64418-remote-principal-graphics-invisionapp
Motion Graphics Designer,Viu,https://remoteok.io/remote-jobs/61722-remote-motion-graphics-designer-viu
Graphic Designer Imaging Specialist,Viu,https://remoteok.io/remote-jobs/61703-remote-graphic-designer-imaging-specialist-viu
Meteor React GraphQL Migrating stack the mentioned stack,ScoutedBy,https://remoteok.io/remote-jobs/29192-remote-meteor-react-graphql-migrating-stack-the-mentioned-stack-scoutedby
Graphic Powerpoint Designer,Revolt Media & TV,https://remoteok.io/remote-jobs/22829-remote-graphic-powerpoint-designer-revolt-media-tv
UX Graphic Designer,Aha,https://remoteok.io/remote-jobs/22005-remote-ux-graphic-designer-aha
Automation Dev,Intergraph UK - Hostsure,https://remoteok.io/remote-jobs/21499-remote-automation-dev-intergraph-uk-hostsure
Graphic Layout Processing Web Application Developer,Lightsum,https://remoteok.io/remote-jobs/20732-remote-graphic-layout-processing-web-application-developer-lightsum
Expert JavaScript Developer,Geographic Research,https://remoteok.io/remote-jobs/21230-remote-expert-javascript-developer-geographic-research
Graphic Designer UX exp required,Aha,https://remoteok.io/remote-jobs/20314-remote-graphic-designer-ux-exp-required-aha
Graphic Design Manager,Code 4 Media Group,https://remoteok.io/remote-jobs/20023-remote-graphic-design-manager-code-4-media-group
Freelance Graphic Designer,NYC Pride,https://remoteok.io/remote-jobs/19987-remote-freelance-graphic-designer-nyc-pride
Junior Mid level Programmer,Graphic Language . New Home Feed,https://remoteok.io/remote-jobs/19788-remote-junior-mid-level-programmer-graphic-language-new-home-feed
JavaScript Developer,Geographic Research,https://remoteok.io/remote-jobs/19234-remote-javascript-developer-geographic-research
Graphic Designer,Nuscape,https://remoteok.io/remote-jobs/17854-remote-graphic-designer-nuscape
Graphic Designer Project Manger,Logoworks,https://remoteok.io/remote-jobs/17525-remote-graphic-designer-project-manger-logoworks
Project Manager Graphic Designer,Logoworks,https://remoteok.io/remote-jobs/17526-remote-project-manager-graphic-designer-logoworks
Drupal MongoDB Meteor Guru Needed,Classic Graphics,https://remoteok.io/remote-jobs/17217-remote-drupal-mongodb-meteor-guru-needed-classic-graphics
Art Director Graphic Designer,Vital Proteins,https://remoteok.io/remote-jobs/16983-remote-art-director-graphic-designer-vital-proteins
Full stack PHP Developer,Graphic Language . New Home Feed,https://remoteok.io/remote-jobs/16340-remote-full-stack-php-developer-graphic-language-new-home-feed
Creative Graphic Designer for a Fast Growing Company mainly typographic illustrations some image manipulation,Daskal Media Group,https://remoteok.io/remote-jobs/16189-remote-creative-graphic-designer-for-a-fast-growing-company-mainly-typographic-illustrations-some-image-manipulation-daskal-media-group
Creative Graphic Designer for a Fast Growing Company Creative design typographic illustrations,Daskal Media Group,https://remoteok.io/remote-jobs/16356-remote-creative-graphic-designer-for-a-fast-growing-company-creative-design-typographic-illustrations-daskal-media-group
Graphic Designer,Stanley Black & Decker,https://remoteok.io/remote-jobs/15097-remote-graphic-designer-stanley-black-decker
Software Developer,Analytical Graphics,https://remoteok.io/remote-jobs/14032-remote-software-developer-analytical-graphics
Software Developer 3D Graphics Navigation Map Viewer,Harman Becker Automotive Systems,https://remoteok.io/remote-jobs/13562-remote-software-developer-3d-graphics-navigation-map-viewer-harman-becker-automotive-systems
3D Graphics Software Engineer Software Integration,AeroComputers,https://remoteok.io/remote-jobs/12894-remote-3d-graphics-software-engineer-software-integration-aerocomputers
Software Developer Geographical Information Systems,OSIsoft,https://remoteok.io/remote-jobs/12897-remote-software-developer-geographical-information-systems-osisoft
Linux Kernel Graphics Device Driver Engineer,Intel Corporation,https://remoteok.io/remote-jobs/13140-remote-linux-kernel-graphics-device-driver-engineer-intel-corporation
Senior Software Engineer,Mentor Graphics,https://remoteok.io/remote-jobs/13151-remote-senior-software-engineer-mentor-graphics
Graphic Designer,Who Gives a Crap,https://remoteok.io/remote-jobs/12490-remote-graphic-designer-who-gives-a-crap
Salesforce Administrator Developer,Graphic Products,https://remoteok.io/remote-jobs/13396-remote-salesforce-administrator-developer-graphic-products
Graphics Programmer,Rockstar Games,https://remoteok.io/remote-jobs/13867-remote-graphics-programmer-rockstar-games
Graphic Designer Front End Developer Needed create landing page help pages for a new SaaS application,Memrey,https://remoteok.io/remote-jobs/11318-remote-graphic-designer-front-end-developer-needed-create-landing-page-help-pages-for-a-new-saas-application-memrey
Top Level Web Graphic Designer UX UI Telecommute EU,Revenviews Limited,https://remoteok.io/remote-jobs/10931-remote-top-level-web-graphic-designer-ux-ui-telecommute-eu-revenviews-limited
Graphic Web Designer,Cadasta Foundation,https://remoteok.io/remote-jobs/10810-remote-graphic-web-designer-cadasta-foundation
Solid Front End Developer With Mad Skills,Graphic Language,https://remoteok.io/remote-jobs/10027-remote-solid-front-end-developer-with-mad-skills-graphic-language
Graphic designer,House9 Design,https://remoteok.io/remote-jobs/10021-remote-graphic-designer-house9-design
Webmaster Graphics Design,Home,https://remoteok.io/remote-jobs/9827-remote-webmaster-graphics-design-home
Geographic Information Systems,RES,https://remoteok.io/remote-jobs/9639-remote-geographic-information-systems-res
Food Photographer,Sprig,https://remoteok.io/remote-jobs/9049-remote-food-photographer-sprig
Graphi Design Internship,Artek Creative,https://remoteok.io/remote-jobs/8651-remote-graphi-design-internship-artek-creative
Graphic Design Internship,Artek Creative,https://remoteok.io/remote-jobs/8663-remote-graphic-design-internship-artek-creative
Graphic Web Designer,TINT,https://remoteok.io/remote-jobs/8206-remote-graphic-web-designer-tint
Graphic Desinger Brand Manager,TINT,https://remoteok.io/remote-jobs/8870-remote-graphic-desinger-brand-manager-tint
Web Research Expert Graphic Designer,The Helping Hand,https://remoteok.io/remote-jobs/8067-remote-web-research-expert-graphic-designer-the-helping-hand
Designer Intern Stagiaire Graphiste,eWise,https://remoteok.io/remote-jobs/7571-remote-designer-intern-stagiaire-graphiste-ewise
Graphic Design Intern,Bhojanshala.in- The online Meal store,https://remoteok.io/remote-jobs/7463-remote-graphic-design-intern-bhojanshala-in-the-online-meal-store
Graphic Design,PhoenixDAVS,https://remoteok.io/remote-jobs/7012-remote-graphic-design-phoenixdavs
Graphic Designer,Curioos,https://remoteok.io/remote-jobs/6897-remote-graphic-designer-curioos
Graphics Design Intern,e-NABLE Haiti,https://remoteok.io/remote-jobs/6899-remote-graphics-design-intern-e-nable-haiti
Graphic Designer,InnerChef,https://remoteok.io/remote-jobs/6647-remote-graphic-designer-innerchef
Professional Photographer,Mall,https://remoteok.io/remote-jobs/6641-remote-professional-photographer-mall
Game Graphics Artist,VerAxis,https://remoteok.io/remote-jobs/6376-remote-game-graphics-artist-veraxis
Graphic Designer Maketer,GadgetBox,https://remoteok.io/remote-jobs/6238-remote-graphic-designer-maketer-gadgetbox
Graphic Designer,Talent Flush,https://remoteok.io/remote-jobs/6215-remote-graphic-designer-talent-flush
Graphic Designer Freelancer Intern,nokyooz,https://remoteok.io/remote-jobs/6209-remote-graphic-designer-freelancer-intern-nokyooz
Graphic Designer,Linute,https://remoteok.io/remote-jobs/6120-remote-graphic-designer-linute
Graphic Designer,Emprom- Artículos Promocionales,https://remoteok.io/remote-jobs/5878-remote-graphic-designer-emprom-articulos-promocionales
Graphic Designer,Muslate.com,https://remoteok.io/remote-jobs/5602-remote-graphic-designer-muslate-com
Web Product Content Editor,Rocketgraph,https://remoteok.io/remote-jobs/5593-remote-web-product-content-editor-rocketgraph
Graphic Designer,ehco,https://remoteok.io/remote-jobs/5321-remote-graphic-designer-ehco
Graphic Designer,Knot 6-3,https://remoteok.io/remote-jobs/5168-remote-graphic-designer-knot-6-3
UI UX Visual Graphic Designer,BiggerPockets,https://remoteok.io/remote-jobs/5130-remote-ui-ux-visual-graphic-designer-biggerpockets
Graphics Designer,Quo,https://remoteok.io/remote-jobs/5118-remote-graphics-designer-quo
Graphic Design Intern,RingAround,https://remoteok.io/remote-jobs/5058-remote-graphic-design-intern-ringaround
Graphic Designer,Dream for you publishings,https://remoteok.io/remote-jobs/4963-remote-graphic-designer-dream-for-you-publishings
PHP Symfony developer,Rocketgraph,https://remoteok.io/remote-jobs/4926-remote-php-symfony-developer-rocketgraph
Graphics Designer,321Lend,https://remoteok.io/remote-jobs/4915-remote-graphics-designer-321lend
Chief Artist house Photographer,Polarr,https://remoteok.io/remote-jobs/4910-remote-chief-artist-in-house-photographer-polarr
Junior Graphic Designer,Devex,https://remoteok.io/remote-jobs/4511-remote-junior-graphic-designer-devex
Graphic Designer,Global eTraining,https://remoteok.io/remote-jobs/4413-remote-graphic-designer-global-etraining
Graphic Designer,InsideLook.co,https://remoteok.io/remote-jobs/4380-remote-graphic-designer-insidelook-co
Freelance Graphic Designer,Devex,https://remoteok.io/remote-jobs/4125-remote-freelance-graphic-designer-devex
Illustrator Infographics,VenturePact,https://remoteok.io/remote-jobs/4120-remote-illustrator-infographics-venturepact
Data Visualization Developer,Rocketgraph,https://remoteok.io/remote-jobs/4028-remote-data-visualization-developer-rocketgraph
Infographics Data,Rocketgraph,https://remoteok.io/remote-jobs/4024-remote-infographics-data-rocketgraph
Community Manager Intern,Rocketgraph,https://remoteok.io/remote-jobs/3743-remote-community-manager-intern-rocketgraph
Growth Hacking Intern,Rocketgraph,https://remoteok.io/remote-jobs/3744-remote-growth-hacking-intern-rocketgraph
Chromium Graphics Engineer,Prezi,https://remoteok.io/remote-jobs/3705-remote-chromium-graphics-engineer-prezi
Graphic Designer,Expandme,https://remoteok.io/remote-jobs/3666-remote-graphic-designer-expandme
Graphics Design Intern,Advoqt,https://remoteok.io/remote-jobs/280-remote-graphics-design-intern-advoqt
Graphic Designer,Alfred Labs,https://remoteok.io/remote-jobs/368-remote-graphic-designer-alfred-labs
Graphic Designer $ Typist,Shri Sai Dharshanam Trust,https://remoteok.io/remote-jobs/395-remote-graphic-designer-typist-shri-sai-dharshanam-trust
Graphic Designer intern,Easy Skillz,https://remoteok.io/remote-jobs/431-remote-graphic-designer-intern-easy-skillz
Infographic Designer,Alfred Labs,https://remoteok.io/remote-jobs/471-remote-infographic-designer-alfred-labs
Graphic Designer,Infographic City,https://remoteok.io/remote-jobs/500-remote-graphic-designer-infographic-city
Graphics Designer,Crazy Designz,https://remoteok.io/remote-jobs/519-remote-graphics-designer-crazy-designz
Software Engineer,GraphPaper,https://remoteok.io/remote-jobs/3645-remote-software-engineer-graphpaper
Graphic Designer UI designer,Elanic,https://remoteok.io/remote-jobs/597-remote-graphic-designer-ui-designer-elanic
Graphic Designer,Conntak,https://remoteok.io/remote-jobs/708-remote-graphic-designer-conntak
Graphic Designer Intern,CREAM,https://remoteok.io/remote-jobs/713-remote-graphic-designer-intern-cream
Graphic Designer,Gentlemen Key,https://remoteok.io/remote-jobs/807-remote-graphic-designer-gentlemen-key
Designer Photographer,Citizen Vape,https://remoteok.io/remote-jobs/1021-remote-designer-photographer-citizen-vape
Graphic Designer,Hussle,https://remoteok.io/remote-jobs/1039-remote-graphic-designer-hussle
Graphic Designer,Coong Cu,https://remoteok.io/remote-jobs/1134-remote-graphic-designer-coong-cu
Interaction Graphic Designer,Motion Math,https://remoteok.io/remote-jobs/1245-remote-interaction-graphic-designer-motion-math
Graphic Design Intern,Clothia,https://remoteok.io/remote-jobs/1348-remote-graphic-design-intern-clothia
Online Intern Graphic Designer,Inovadors,https://remoteok.io/remote-jobs/1420-remote-online-intern-graphic-designer-inovadors
Graphics Designer Contract Fashion,ICONERY,https://remoteok.io/remote-jobs/1521-remote-graphics-designer-contract-fashion-iconery
Graphics Frontend Designer,iVa Archive,https://remoteok.io/remote-jobs/1535-remote-graphics-and-frontend-designer-iva-archive
Sr Graphic Designer,Female Shave Club,https://remoteok.io/remote-jobs/1591-remote-sr-graphic-designer-female-shave-club
Graphic UX Designer,ArtSquare,https://remoteok.io/remote-jobs/1601-remote-graphic-ux-designer-artsquare
Graphic Artists UI UX Designers,Little Labs,https://remoteok.io/remote-jobs/1713-remote-graphic-artists-ui-ux-designers-little-labs
Graphic Design Internship,Clipboard,https://remoteok.io/remote-jobs/1724-remote-graphic-design-internship-clipboard
Graphic Design Internship,Storyboard,https://remoteok.io/remote-jobs/1725-remote-graphic-design-internship-storyboard
Web Graphics Designer,StrategyNest,https://remoteok.io/remote-jobs/1765-remote-web-and-graphics-designer-strategynest
Masterful SEO Intern,CoinTelegraph,https://remoteok.io/remote-jobs/1967-remote-masterful-seo-intern-cointelegraph
Graphics Software Engineer,Smile Designer Pro,https://remoteok.io/remote-jobs/2250-remote-graphics-software-engineer-smile-designer-pro
Graphic Artist,Number One Entertainment,https://remoteok.io/remote-jobs/2438-remote-graphic-artist-number-one-entertainment
Graphic Designer,OTLO,https://remoteok.io/remote-jobs/2524-remote-graphic-designer-otlo
Graphics Developer,WurLD,https://remoteok.io/remote-jobs/2598-remote-graphics-developer-wurld
Graphics Designer,Underground Cellar,https://remoteok.io/remote-jobs/2613-remote-graphics-designer-underground-cellar
Geographer,First Mile Geo,https://remoteok.io/remote-jobs/2640-remote-geographer-first-mile-geo
Graphic Designer,STRapps,https://remoteok.io/remote-jobs/2649-remote-graphic-designer-strapps
Front End Developer,PeopleGraph,https://remoteok.io/remote-jobs/2797-remote-front-end-developer-peoplegraph
Graphic Design Intern,Whaddy,https://remoteok.io/remote-jobs/2893-remote-graphic-design-intern-whaddy
UI UX Graphics Designer,jSquared Development,https://remoteok.io/remote-jobs/2937-remote-ui-ux-graphics-designer-jsquared-development
UX UI Perfector,PeopleGraph,https://remoteok.io/remote-jobs/3066-remote-ux-ui-perfector-peoplegraph
Creative Lead Graphic Designer,Fantisserie,https://remoteok.io/remote-jobs/3148-remote-creative-lead-graphic-designer-fantisserie
Maps Graphics Engineer,Mapsense,https://remoteok.io/remote-jobs/3187-remote-maps-graphics-engineer-mapsense
Graphic Design,truBrain,https://remoteok.io/remote-jobs/3235-remote-graphic-design-trubrain
Senior Graphic Designer,ThoughtSpot Development,https://remoteok.io/remote-jobs/3263-remote-senior-graphic-designer-thoughtspot-development
Senior Graphic Designer ,Navigate360,https://weworkremotely.com/remote-jobs/navigate360-senior-graphic-designer
"Graphic Designer, Marketing + Growth",Current Mobile,https://weworkremotely.com/remote-jobs/current-mobile-graphic-designer-marketing-growth
Visual & Graphic Production Artist,Nathan James,https://weworkremotely.com/remote-jobs/nathan-james-visual-graphic-production-artist
Senior Software Engineer,Stardog Union,https://stackoverflow.com/jobs/472389
Sr. JavaScript Developer - Knowledge Graphs,Esri,https://stackoverflow.com/jobs/427301
Staff Software Engineer - Identity Graph,Socure,https://stackoverflow.com/jobs/497830
Software Engineer - Backend - Core Java,Neo4j,https://stackoverflow.com/jobs/486380
Software Developer Kubernetes,Neo4j,https://stackoverflow.com/jobs/466411
Full-Stack Engineer - (Neo4j Aura),Neo4j,https://stackoverflow.com/jobs/435322
Software Engineer - Backend- Java Core,Neo4j,https://stackoverflow.com/jobs/486381
Software Engineer - Distributed Systems,Neo4j,https://stackoverflow.com/jobs/467714
Research Software Engineer (m/f/d),TIB – Leibniz Information Centre for Science and Technology and University Library,https://stackoverflow.com/jobs/486385
Senior Software Engineer - Data Pipeline,BenchSci,https://stackoverflow.com/jobs/497621
Software Engineer - Developer Tools - Node.js / React,Neo4j,https://stackoverflow.com/jobs/488853
Software Engineer - Developer Tools - Node.js / React,Neo4j,https://stackoverflow.com/jobs/467715
Senior Backend Engineer - Piñata Farms (Los Angeles),Unusual Ventures,https://stackoverflow.com/jobs/490533
Senior Software Engineer (SaaS Startup),"Leadr, Inc",https://stackoverflow.com/jobs/483726
Junior Java Developer,Smals,https://stackoverflow.com/jobs/460970
"Scala/Go/Python Software Engineer - DevOps, MicroServices and Drug Discovery",Medicines Discovery Catapult,https://stackoverflow.com/jobs/459707
Software Engineer Lead,Tenet3,https://stackoverflow.com/jobs/484844
Node.js software developers maken de zorg beter!,Ksyos,https://stackoverflow.com/jobs/374537
Senior Software Engineer,R2,https://stackoverflow.com/jobs/484287
Software Engineer / Frontend Web Developer W/M,EPFL - Blue Brain Project,https://stackoverflow.com/jobs/252174
Software Developer (m/f/x),FIZ Karlsruhe - Leibniz-Institut für Informationsinfrastruktur GmbH,https://stackoverflow.com/jobs/465567
Senior Software Engineer,Patch.com,https://stackoverflow.com/jobs/394309
Backend Engineer,Dolfin,https://stackoverflow.com/jobs/487859
Scientific Software Engineer (m/f/d),TIB – Leibniz Information Centre for Science and Technology and University Library,https://stackoverflow.com/jobs/490100
Frontend Vue.js Developer,Scalable Path,https://stackoverflow.com/jobs/497087
"AI/ML - Sr Product Manager, Siri Knowledge and Machine Learning",Apple,https://stackoverflow.com/jobs/498210
Software Developer (m/f/x),FIZ Karlsruhe - Leibniz-Institut für Informationsinfrastruktur GmbH,https://stackoverflow.com/jobs/465567
Frontend Vue.js Developer,Scalable Path,https://stackoverflow.com/jobs/497087
Senior Software Engineer,Patch.com,https://stackoverflow.com/jobs/394309
Backend Engineer,Dolfin,https://stackoverflow.com/jobs/487859
(Senior) Full Stack Engineer (m/w/d),EXXETA AG,https://stackoverflow.com/jobs/348862
Senior Software Engineer (Active TS/SCI Required),Barbaricum,https://stackoverflow.com/jobs/497127
"Senior Software Engineer, Meta, Science",Chan Zuckerberg Initiative,https://stackoverflow.com/jobs/458620
Full-Stack Developer,Solidatus,https://stackoverflow.com/jobs/462630
C++ Software Engineer,Aerial Applications,https://stackoverflow.com/jobs/439582
Backend Engineer (Contract),Mav Farm,https://stackoverflow.com/jobs/482431
Front End Engineer,Solidatus,https://stackoverflow.com/jobs/374829
Senior DevOps Engineer,GraphAware,https://stackoverflow.com/jobs/471361
Software Developer (Genomics),European Bioinformatics Institute (EMBL-EBI),https://stackoverflow.com/jobs/493909
Lead Front End Engineer,Stardog Union,https://stackoverflow.com/jobs/460167
Senior Back-End Java Developer,GraphAware,https://stackoverflow.com/jobs/471205
Software Engineering,"JPMorgan Chase Bank, N.A.",https://stackoverflow.com/jobs/498973
Software Engineering - Python,"JPMorgan Chase Bank, N.A.",https://stackoverflow.com/jobs/499017
Senior Software Engineer,Aaqua,https://stackoverflow.com/jobs/465926
"Software Engineer – Senior (C#, Azure)",LifeVantage Corporation,https://stackoverflow.com/jobs/494836
Data Scientist / Senior Data Scientist (Jakarta or Singapore),Lynx Analytics,https://stackoverflow.com/jobs/408159
Software Engineer in the field of Research Data Management (m/f/d),TIB – Leibniz Information Centre for Science and Technology and University Library,https://stackoverflow.com/jobs/493240
Medior Creative Front-end Developer,Incentro,https://stackoverflow.com/jobs/472789
R&D Software Engineer,Tenet3,https://stackoverflow.com/jobs/484845
Data Engineer / Senior Data Engineer (Singapore),Lynx Analytics,https://stackoverflow.com/jobs/434352
Application Support,"JPMorgan Chase Bank, N.A.",https://stackoverflow.com/jobs/494005
Data Engineer / Senior Data Engineer (Singapore),Lynx Analytics,https://stackoverflow.com/jobs/434352
Software Developer,European Bioinformatics Institute (EMBL-EBI),https://stackoverflow.com/jobs/486372
Software Developer - ArcGIS Enterprise,Esri,https://stackoverflow.com/jobs/444535
Senior Software Engineer,Aaqua,https://stackoverflow.com/jobs/466259
"Head of Research Group ""Machine Learning"" (f/m/d)",Deutsches Zentrum für Luft- und Raumfahrt e.V.,https://stackoverflow.com/jobs/460648
"Senior Software Engineer (PHP, Laravel)",Givelify,https://stackoverflow.com/jobs/497588
Senior Backend Engineer - Routing and Navigation,komoot,https://stackoverflow.com/jobs/497354
Software Engineer for Commodities Technology,"JPMorgan Chase Bank, N.A.",https://stackoverflow.com/jobs/492934
Lead Backend Engineer - Rust or C/C++ (m/f/d),Signavio,https://stackoverflow.com/jobs/463562
Intermediate Backend and Infrastructure Engineer,Plotly Technologies Inc,https://stackoverflow.com/jobs/491944
Software Engineering - AWS & Java,"JPMorgan Chase Bank, N.A.",https://stackoverflow.com/jobs/498738
"Senior Frontend Developer (React, TypeScript)",eccenca,https://stackoverflow.com/jobs/194735
Senior Software Development Engineer,Amazon Web Services,https://stackoverflow.com/jobs/451634
Experienced Power Apps developer,Spear Technologies,https://stackoverflow.com/jobs/485596
Senior Full Stack Engineer interested in collaborative hardware development,Wikifactory,https://stackoverflow.com/jobs/386765
Senior Engineering Manager,"Better Holdco, Inc",https://stackoverflow.com/jobs/466484
Data Engineer (m/f/d),Definiens,https://stackoverflow.com/jobs/395729
Junior Java Developer,Smals,https://stackoverflow.com/jobs/438753
Senior Backend Developer,WeSchool,https://stackoverflow.com/jobs/447423
Data Engineer for our AI Team,WS Audiology,https://stackoverflow.com/jobs/471835
Java Developer,Smals,https://stackoverflow.com/jobs/472396
CT-RDT-Finance- Ab Initio Lead-Hyderabad,"JPMorgan Chase Bank, N.A.",https://stackoverflow.com/jobs/496795
Software Engineering - AWS & Java,"JPMorgan Chase Bank, N.A.",https://stackoverflow.com/jobs/497711
Devops Engineer - [Remote] - [United States],Crisp,https://stackoverflow.com/jobs/457919
Software Engineering - AWS & Java,"JPMorgan Chase Bank, N.A.",https://stackoverflow.com/jobs/497711
CT-RDT-Finance- Ab Initio Lead-Hyderabad,"JPMorgan Chase Bank, N.A.",https://stackoverflow.com/jobs/496795
Commodities Software Engineer - Assoc,"JPMorgan Chase Bank, N.A.",https://stackoverflow.com/jobs/496832
Software Engineer II,Citizens Bank,https://stackoverflow.com/jobs/494600
TS/SCI Cleared Senior Full Stack .Net Architect in Northern VA / Partial Remote,MapLarge,https://stackoverflow.com/jobs/153597
Technical Architect,Wawa,https://stackoverflow.com/jobs/462293
Consultant Cloud Development (m/w/d),EXXETA AG,https://stackoverflow.com/jobs/485488
Senior Data Scientist,Synfioo GmbH,https://stackoverflow.com/jobs/307836
SAS Specialist,Smals,https://stackoverflow.com/jobs/463900
Wholesale Payments Business Analyst II,"JPMorgan Chase Bank, N.A.",https://stackoverflow.com/jobs/498604
Artificial Intelligence/Machine Learning Research Engineer,Applied Research Associates,https://stackoverflow.com/jobs/490152
"Software Engineer - Currencies and Emerging Markets, VP","JPMorgan Chase Bank, N.A.",https://stackoverflow.com/jobs/497147
Data Science (Python/Pandas/Jupyter) Engineer,Hummingbot,https://stackoverflow.com/jobs/488299
Machine Learning / Python Engineer - Applied AI Systems - Vice President Software...,"JPMorgan Chase Bank, N.A.",https://stackoverflow.com/jobs/496507
Unity 3D / WebGL Graphics Developer,MapLarge,https://stackoverflow.com/jobs/231567
"Experienced Python Developer, EdTech - U.S. Remote",Schoolytics,https://stackoverflow.com/jobs/486400
Quality Automation Engineer - TMS Team,eBay,https://stackoverflow.com/jobs/460032
Data Automation Engineer,LightBox,https://stackoverflow.com/jobs/471620
VP - Machine Learning / Python Engineer - Applied AI Systems,"JPMorgan Chase Bank, N.A.",https://stackoverflow.com/jobs/492441
Data Visualization Engineer,"JPMorgan Chase Bank, N.A.",https://stackoverflow.com/jobs/496222
Senior Deep Learning Engineer (m/f/d),Motius GmbH,https://stackoverflow.com/jobs/455241
Principal Data Platform Engineer,IHS Markit - Project Ultra Violet,https://stackoverflow.com/jobs/481485
"Senior .Net Developer for ML, Computer Vision and Algorithm development",MapLarge,https://stackoverflow.com/jobs/165235
Sr. Backend Engineer,Givelify,https://stackoverflow.com/jobs/447564
Sr Data Scientist,Citizens Bank,https://stackoverflow.com/jobs/494595
Cloud & Big Data Architect,"JPMorgan Chase Bank, N.A.",https://stackoverflow.com/jobs/490776
Sr Data Scientist,Citizens Bank,https://stackoverflow.com/jobs/494595
Lead Mobile Developer (SaaS Startup),"Leadr, Inc",https://stackoverflow.com/jobs/483730
Senior Data Engineer - Data Insights (m/f/d),Signavio,https://stackoverflow.com/jobs/495957
Senior Data Platform Engineer,IHS Markit,https://stackoverflow.com/jobs/468510
BI Developer - Business Objects/Tableau,"JPMorgan Chase Bank, N.A.",https://stackoverflow.com/jobs/488959
Senior Front End Developer (SaaS Startup),"Leadr, Inc",https://stackoverflow.com/jobs/483727
Commodities Software Engineer - Associate,"JPMorgan Chase Bank, N.A.",https://stackoverflow.com/jobs/488964
Cloud & Big Data Architect,"JPMorgan Chase Bank, N.A.",https://stackoverflow.com/jobs/494573
Artificial Intelligence Product Owner,IHS Markit - Project Ultra Violet,https://stackoverflow.com/jobs/481484
Data Engineer,Zuhlke Engineering Ltd,https://stackoverflow.com/jobs/427684
"Python Software Engineer - Commodities - Front Office Athena, Associate","JPMorgan Chase Bank, N.A.",https://stackoverflow.com/jobs/496077
Lead Data Scientist /Bioinformatician,European Bioinformatics Institute (EMBL-EBI),https://stackoverflow.com/jobs/488849
Cloud Data Architect,Assent Compliance,https://stackoverflow.com/jobs/494548
Cloud DevOps Engineer,Tenet3,https://stackoverflow.com/jobs/454614
ETL Specialist,Smals,https://stackoverflow.com/jobs/478767
"Frontendutvecklare med fullstack-kunskaper, ICA Försäkring",ICA Gruppen,https://stackoverflow.com/jobs/460642
Projektleitung & Systems Architect - Terminology & Ontology Services - NFDI4Ing,TIB – Leibniz Information Centre for Science and Technology and University Library,https://stackoverflow.com/jobs/488325
"Fullstack & frontendutvecklare, ICA Försäkring",ICA Gruppen,https://stackoverflow.com/jobs/465943
Softwareudvikler,CBB Mobil A/S,https://stackoverflow.com/jobs/424228
App Developer,reMarkable,https://stackoverflow.com/jobs/485494
Senior Software Security Engineer,ShapeShift,https://stackoverflow.com/jobs/428736
Softwareudvikler til test-automation,CBB Mobil A/S,https://stackoverflow.com/jobs/424227
Softwareudvikler søges til et af IDAs agile udviklings teams,"The Danish Society of Engineers,  IDA",https://stackoverflow.com/jobs/497119
